key,value
ISO3,BRA
HDR Country Name,Brazil
Human Development Groups,High
UNDP Developeing Regions,LAC
HDI Rank (2023),84
Human Development Index (value) (1990),0.641
Human Development Index (value) (1991),0.645
Human Development Index (value) (1992),0.648
Human Development Index (value) (1993),0.654
Human Development Index (value) (1994),0.659
Human Development Index (value) (1995),0.666
Human Development Index (value) (1996),0.671
Human Development Index (value) (1997),0.676
Human Development Index (value) (1998),0.68
Human Development Index (value) (1999),0.684
Human Development Index (value) (2000),0.69
Human Development Index (value) (2001),0.694
Human Development Index (value) (2002),0.7
Human Development Index (value) (2003),0.705
Human Development Index (value) (2004),0.712
Human Development Index (value) (2005),0.718
Human Development Index (value) (2006),0.725
Human Development Index (value) (2007),0.732
Human Development Index (value) (2008),0.739
Human Development Index (value) (2009),0.742
Human Development Index (value) (2010),0.748
Human Development Index (value) (2011),0.753
Human Development Index (value) (2012),0.758
Human Development Index (value) (2013),0.762
Human Development Index (value) (2014),0.765
Human Development Index (value) (2015),0.764
Human Development Index (value) (2016),0.765
Human Development Index (value) (2017),0.77
Human Development Index (value) (2018),0.774
Human Development Index (value) (2019),0.776
Human Development Index (value) (2020),0.77
Human Development Index (value) (2021),0.768
Human Development Index (value) (2022),0.78
Human Development Index (value) (2023),0.786
Life Expectancy at Birth (years) (1990),65.862
Life Expectancy at Birth (years) (1991),66.203
Life Expectancy at Birth (years) (1992),66.539
Life Expectancy at Birth (years) (1993),66.892
Life Expectancy at Birth (years) (1994),67.293
Life Expectancy at Birth (years) (1995),67.701
Life Expectancy at Birth (years) (1996),68.108
Life Expectancy at Birth (years) (1997),68.505
Life Expectancy at Birth (years) (1998),68.848
Life Expectancy at Birth (years) (1999),69.211
Life Expectancy at Birth (years) (2000),69.584
Life Expectancy at Birth (years) (2001),69.98
Life Expectancy at Birth (years) (2002),70.396
Life Expectancy at Birth (years) (2003),70.884
Life Expectancy at Birth (years) (2004),71.361
Life Expectancy at Birth (years) (2005),71.832
Life Expectancy at Birth (years) (2006),72.296
Life Expectancy at Birth (years) (2007),72.73
Life Expectancy at Birth (years) (2008),73.111
Life Expectancy at Birth (years) (2009),73.457
Life Expectancy at Birth (years) (2010),73.779
Life Expectancy at Birth (years) (2011),74.047
Life Expectancy at Birth (years) (2012),74.335
Life Expectancy at Birth (years) (2013),74.609
Life Expectancy at Birth (years) (2014),74.823
Life Expectancy at Birth (years) (2015),75.106
Life Expectancy at Birth (years) (2016),75.081
Life Expectancy at Birth (years) (2017),75.383
Life Expectancy at Birth (years) (2018),75.633
Life Expectancy at Birth (years) (2019),75.809
Life Expectancy at Birth (years) (2020),74.506
Life Expectancy at Birth (years) (2021),73.038
Life Expectancy at Birth (years) (2022),74.872
Life Expectancy at Birth (years) (2023),75.848
Expected Years of Schooling (years) (1990),14.09510857
Expected Years of Schooling (years) (1991),14.14414616
Expected Years of Schooling (years) (1992),14.19335435
Expected Years of Schooling (years) (1993),14.24273375
Expected Years of Schooling (years) (1994),14.29228494
Expected Years of Schooling (years) (1995),14.34200852
Expected Years of Schooling (years) (1996),14.39190509
Expected Years of Schooling (years) (1997),14.44197525
Expected Years of Schooling (years) (1998),14.49221961
Expected Years of Schooling (years) (1999),14.54263877
Expected Years of Schooling (years) (2000),14.59323334
Expected Years of Schooling (years) (2001),14.64400393
Expected Years of Schooling (years) (2002),14.69495116
Expected Years of Schooling (years) (2003),14.74607564
Expected Years of Schooling (years) (2004),14.79737798
Expected Years of Schooling (years) (2005),14.8488588
Expected Years of Schooling (years) (2006),14.90051873
Expected Years of Schooling (years) (2007),14.95235838
Expected Years of Schooling (years) (2008),15.00437839
Expected Years of Schooling (years) (2009),15.05657938
Expected Years of Schooling (years) (2010),15.10896198
Expected Years of Schooling (years) (2011),15.16152681
Expected Years of Schooling (years) (2012),15.21427453
Expected Years of Schooling (years) (2013),15.24518967
Expected Years of Schooling (years) (2014),15.36814022
Expected Years of Schooling (years) (2015),15.24540043
Expected Years of Schooling (years) (2016),15.29432011
Expected Years of Schooling (years) (2017),15.40701962
Expected Years of Schooling (years) (2018),15.50376034
Expected Years of Schooling (years) (2019),15.44937038
Expected Years of Schooling (years) (2020),15.44596004
Expected Years of Schooling (years) (2021),15.5788002
Expected Years of Schooling (years) (2022),15.7927103
Expected Years of Schooling (years) (2023),15.7927103
Mean Years of Schooling (years) (1990),3.685051873
Mean Years of Schooling (years) (1991),3.830994521
Mean Years of Schooling (years) (1992),3.976937169
Mean Years of Schooling (years) (1993),4.122879818
Mean Years of Schooling (years) (1994),4.268822466
Mean Years of Schooling (years) (1995),4.414765115
Mean Years of Schooling (years) (1996),4.586247727
Mean Years of Schooling (years) (1997),4.757730339
Mean Years of Schooling (years) (1998),4.92921295
Mean Years of Schooling (years) (1999),5.100695562
Mean Years of Schooling (years) (2000),5.272178174
Mean Years of Schooling (years) (2001),5.449133635
Mean Years of Schooling (years) (2002),5.626089097
Mean Years of Schooling (years) (2003),5.803044558
Mean Years of Schooling (years) (2004),5.980000019
Mean Years of Schooling (years) (2005),6.150000095
Mean Years of Schooling (years) (2006),6.320000172
Mean Years of Schooling (years) (2007),6.5
Mean Years of Schooling (years) (2008),6.670000076
Mean Years of Schooling (years) (2009),6.769999981
Mean Years of Schooling (years) (2010),6.880000114
Mean Years of Schooling (years) (2011),7.010000229
Mean Years of Schooling (years) (2012),7.21999979
Mean Years of Schooling (years) (2013),7.289999962
Mean Years of Schooling (years) (2014),7.380000114
Mean Years of Schooling (years) (2015),7.510000229
Mean Years of Schooling (years) (2016),7.730000019
Mean Years of Schooling (years) (2017),7.849999905
Mean Years of Schooling (years) (2018),7.980000019
Mean Years of Schooling (years) (2019),8.125777988
Mean Years of Schooling (years) (2020),8.274219016
Mean Years of Schooling (years) (2021),8.425371752
Mean Years of Schooling (years) (2022),8.425371752
Mean Years of Schooling (years) (2023),8.425371752
Gross National Income Per Capita (2021 PPP$) (1990),12177.59908
Gross National Income Per Capita (2021 PPP$) (1991),12141.5908
Gross National Income Per Capita (2021 PPP$) (1992),11917.31009
Gross National Income Per Capita (2021 PPP$) (1993),12236.69999
Gross National Income Per Capita (2021 PPP$) (1994),12566.51197
Gross National Income Per Capita (2021 PPP$) (1995),13216.46619
Gross National Income Per Capita (2021 PPP$) (1996),13310.53264
Gross National Income Per Capita (2021 PPP$) (1997),13514.07579
Gross National Income Per Capita (2021 PPP$) (1998),13306.28344
Gross National Income Per Capita (2021 PPP$) (1999),13050.63871
Gross National Income Per Capita (2021 PPP$) (2000),13467.05272
Gross National Income Per Capita (2021 PPP$) (2001),13427.60097
Gross National Income Per Capita (2021 PPP$) (2002),13648.42193
Gross National Income Per Capita (2021 PPP$) (2003),13667.45772
Gross National Income Per Capita (2021 PPP$) (2004),14319.79733
Gross National Income Per Capita (2021 PPP$) (2005),14625.9096
Gross National Income Per Capita (2021 PPP$) (2006),15097.84208
Gross National Income Per Capita (2021 PPP$) (2007),15909.40932
Gross National Income Per Capita (2021 PPP$) (2008),16499.57692
Gross National Income Per Capita (2021 PPP$) (2009),16361.8993
Gross National Income Per Capita (2021 PPP$) (2010),17266.85845
Gross National Income Per Capita (2021 PPP$) (2011),17878.72893
Gross National Income Per Capita (2021 PPP$) (2012),18075.39887
Gross National Income Per Capita (2021 PPP$) (2013),18668.24289
Gross National Income Per Capita (2021 PPP$) (2014),18514.50254
Gross National Income Per Capita (2021 PPP$) (2015),17708.30372
Gross National Income Per Capita (2021 PPP$) (2016),16949.14988
Gross National Income Per Capita (2021 PPP$) (2017),17079.21153
Gross National Income Per Capita (2021 PPP$) (2018),17087.87299
Gross National Income Per Capita (2021 PPP$) (2019),17183.42339
Gross National Income Per Capita (2021 PPP$) (2020),16609.4287
Gross National Income Per Capita (2021 PPP$) (2021),17121.54217
Gross National Income Per Capita (2021 PPP$) (2022),17593.54759
Gross National Income Per Capita (2021 PPP$) (2023),18011.28546
GDI Group (2023),1
Gender Development Index (value) (1990),
Gender Development Index (value) (1991),
Gender Development Index (value) (1992),
Gender Development Index (value) (1993),
Gender Development Index (value) (1994),
Gender Development Index (value) (1995),
Gender Development Index (value) (1996),
Gender Development Index (value) (1997),
Gender Development Index (value) (1998),
Gender Development Index (value) (1999),
Gender Development Index (value) (2000),0.996
Gender Development Index (value) (2001),0.993
Gender Development Index (value) (2002),0.995
Gender Development Index (value) (2003),0.995
Gender Development Index (value) (2004),0.995
Gender Development Index (value) (2005),0.996
Gender Development Index (value) (2006),0.997
Gender Development Index (value) (2007),0.997
Gender Development Index (value) (2008),0.996
Gender Development Index (value) (2009),0.998
Gender Development Index (value) (2010),0.996
Gender Development Index (value) (2011),0.996
Gender Development Index (value) (2012),0.994
Gender Development Index (value) (2013),0.994
Gender Development Index (value) (2014),0.994
Gender Development Index (value) (2015),0.993
Gender Development Index (value) (2016),0.994
Gender Development Index (value) (2017),0.996
Gender Development Index (value) (2018),0.996
Gender Development Index (value) (2019),0.996
Gender Development Index (value) (2020),0.993
Gender Development Index (value) (2021),1.003
Gender Development Index (value) (2022),1.003
Gender Development Index (value) (2023),1.002
HDI female (1990),
HDI female (1991),
HDI female (1992),
HDI female (1993),
HDI female (1994),
HDI female (1995),
HDI female (1996),
HDI female (1997),
HDI female (1998),
HDI female (1999),
HDI female (2000),0.685929548
HDI female (2001),0.689160798
HDI female (2002),0.695953154
HDI female (2003),0.701197339
HDI female (2004),0.708629959
HDI female (2005),0.715320198
HDI female (2006),0.722023942
HDI female (2007),0.729460928
HDI female (2008),0.734932754
HDI female (2009),0.739111239
HDI female (2010),0.74423107
HDI female (2011),0.749235545
HDI female (2012),0.753368227
HDI female (2013),0.757485598
HDI female (2014),0.760360141
HDI female (2015),0.759840086
HDI female (2016),0.76147028
HDI female (2017),0.766445165
HDI female (2018),0.770212987
HDI female (2019),0.772752459
HDI female (2020),0.765784487
HDI female (2021),0.767529344
HDI female (2022),0.779430237
HDI female (2023),0.784562933
"Life Expectancy at Birth, female (years) (1990)",68.706
"Life Expectancy at Birth, female (years) (1991)",69.187
"Life Expectancy at Birth, female (years) (1992)",69.667
"Life Expectancy at Birth, female (years) (1993)",70.108
"Life Expectancy at Birth, female (years) (1994)",70.527
"Life Expectancy at Birth, female (years) (1995)",70.947
"Life Expectancy at Birth, female (years) (1996)",71.367
"Life Expectancy at Birth, female (years) (1997)",71.779
"Life Expectancy at Birth, female (years) (1998)",72.152
"Life Expectancy at Birth, female (years) (1999)",72.546
"Life Expectancy at Birth, female (years) (2000)",72.96
"Life Expectancy at Birth, female (years) (2001)",73.4
"Life Expectancy at Birth, female (years) (2002)",73.843
"Life Expectancy at Birth, female (years) (2003)",74.337
"Life Expectancy at Birth, female (years) (2004)",74.824
"Life Expectancy at Birth, female (years) (2005)",75.292
"Life Expectancy at Birth, female (years) (2006)",75.744
"Life Expectancy at Birth, female (years) (2007)",76.191
"Life Expectancy at Birth, female (years) (2008)",76.585
"Life Expectancy at Birth, female (years) (2009)",76.93
"Life Expectancy at Birth, female (years) (2010)",77.257
"Life Expectancy at Birth, female (years) (2011)",77.532
"Life Expectancy at Birth, female (years) (2012)",77.816
"Life Expectancy at Birth, female (years) (2013)",78.062
"Life Expectancy at Birth, female (years) (2014)",78.273
"Life Expectancy at Birth, female (years) (2015)",78.472
"Life Expectancy at Birth, female (years) (2016)",78.539
"Life Expectancy at Birth, female (years) (2017)",78.781
"Life Expectancy at Birth, female (years) (2018)",78.977
"Life Expectancy at Birth, female (years) (2019)",79.023
"Life Expectancy at Birth, female (years) (2020)",77.599
"Life Expectancy at Birth, female (years) (2021)",76.401
"Life Expectancy at Birth, female (years) (2022)",78.094
"Life Expectancy at Birth, female (years) (2023)",78.983
"Expected Years of Schooling, female (years) (1990)",
"Expected Years of Schooling, female (years) (1991)",
"Expected Years of Schooling, female (years) (1992)",
"Expected Years of Schooling, female (years) (1993)",
"Expected Years of Schooling, female (years) (1994)",
"Expected Years of Schooling, female (years) (1995)",
"Expected Years of Schooling, female (years) (1996)",
"Expected Years of Schooling, female (years) (1997)",
"Expected Years of Schooling, female (years) (1998)",
"Expected Years of Schooling, female (years) (1999)",
"Expected Years of Schooling, female (years) (2000)",15.20877028
"Expected Years of Schooling, female (years) (2001)",15.24819947
"Expected Years of Schooling, female (years) (2002)",15.28773088
"Expected Years of Schooling, female (years) (2003)",15.32736477
"Expected Years of Schooling, female (years) (2004)",15.36710142
"Expected Years of Schooling, female (years) (2005)",15.40694109
"Expected Years of Schooling, female (years) (2006)",15.44688404
"Expected Years of Schooling, female (years) (2007)",15.48693055
"Expected Years of Schooling, female (years) (2008)",15.52708087
"Expected Years of Schooling, female (years) (2009)",15.56733529
"Expected Years of Schooling, female (years) (2010)",15.60769407
"Expected Years of Schooling, female (years) (2011)",15.64815748
"Expected Years of Schooling, female (years) (2012)",15.6887258
"Expected Years of Schooling, female (years) (2013)",15.66716003
"Expected Years of Schooling, female (years) (2014)",15.82071018
"Expected Years of Schooling, female (years) (2015)",15.66141987
"Expected Years of Schooling, female (years) (2016)",15.68735027
"Expected Years of Schooling, female (years) (2017)",15.79372978
"Expected Years of Schooling, female (years) (2018)",15.91961956
"Expected Years of Schooling, female (years) (2019)",15.91730976
"Expected Years of Schooling, female (years) (2020)",15.93540001
"Expected Years of Schooling, female (years) (2021)",16.22303963
"Expected Years of Schooling, female (years) (2022)",16.48908997
"Expected Years of Schooling, female (years) (2023)",16.48908997
"Mean Years of Schooling, female (years) (1990)",3.794890399
"Mean Years of Schooling, female (years) (1991)",3.957267921
"Mean Years of Schooling, female (years) (1992)",4.119645443
"Mean Years of Schooling, female (years) (1993)",4.282022964
"Mean Years of Schooling, female (years) (1994)",4.444400486
"Mean Years of Schooling, female (years) (1995)",4.606778008
"Mean Years of Schooling, female (years) (1996)",4.770979997
"Mean Years of Schooling, female (years) (1997)",4.935181985
"Mean Years of Schooling, female (years) (1998)",5.099383973
"Mean Years of Schooling, female (years) (1999)",5.263585962
"Mean Years of Schooling, female (years) (2000)",5.42778795
"Mean Years of Schooling, female (years) (2001)",5.588341006
"Mean Years of Schooling, female (years) (2002)",5.748894061
"Mean Years of Schooling, female (years) (2003)",5.909447116
"Mean Years of Schooling, female (years) (2004)",6.070000172
"Mean Years of Schooling, female (years) (2005)",6.25
"Mean Years of Schooling, female (years) (2006)",6.429999828
"Mean Years of Schooling, female (years) (2007)",6.610000134
"Mean Years of Schooling, female (years) (2008)",6.789999962
"Mean Years of Schooling, female (years) (2009)",6.889999866
"Mean Years of Schooling, female (years) (2010)",7.039999962
"Mean Years of Schooling, female (years) (2011)",7.159999847
"Mean Years of Schooling, female (years) (2012)",7.380000114
"Mean Years of Schooling, female (years) (2013)",7.480000019
"Mean Years of Schooling, female (years) (2014)",7.579999924
"Mean Years of Schooling, female (years) (2015)",7.699999809
"Mean Years of Schooling, female (years) (2016)",7.909999847
"Mean Years of Schooling, female (years) (2017)",8.050000191
"Mean Years of Schooling, female (years) (2018)",8.180000305
"Mean Years of Schooling, female (years) (2019)",8.327765572
"Mean Years of Schooling, female (years) (2020)",8.478200103
"Mean Years of Schooling, female (years) (2021)",8.631352115
"Mean Years of Schooling, female (years) (2022)",8.631352115
"Mean Years of Schooling, female (years) (2023)",8.631352115
"Gross National Income Per Capita, female (2021 PPP$) (1990)",7211.979716
"Gross National Income Per Capita, female (2021 PPP$) (1991)",7118.941091
"Gross National Income Per Capita, female (2021 PPP$) (1992)",7893.534653
"Gross National Income Per Capita, female (2021 PPP$) (1993)",8093.504388
"Gross National Income Per Capita, female (2021 PPP$) (1994)",7992.896239
"Gross National Income Per Capita, female (2021 PPP$) (1995)",7910.727318
"Gross National Income Per Capita, female (2021 PPP$) (1996)",8288.423906
"Gross National Income Per Capita, female (2021 PPP$) (1997)",8525.706234
"Gross National Income Per Capita, female (2021 PPP$) (1998)",8530.609619
"Gross National Income Per Capita, female (2021 PPP$) (1999)",8650.695208
"Gross National Income Per Capita, female (2021 PPP$) (2000)",9568.688944
"Gross National Income Per Capita, female (2021 PPP$) (2001)",9344.528343
"Gross National Income Per Capita, female (2021 PPP$) (2002)",9791.133995
"Gross National Income Per Capita, female (2021 PPP$) (2003)",9905.477425
"Gross National Income Per Capita, female (2021 PPP$) (2004)",10469.02651
"Gross National Income Per Capita, female (2021 PPP$) (2005)",10870.29058
"Gross National Income Per Capita, female (2021 PPP$) (2006)",11306.01799
"Gross National Income Per Capita, female (2021 PPP$) (2007)",11935.15055
"Gross National Income Per Capita, female (2021 PPP$) (2008)",12179.54212
"Gross National Income Per Capita, female (2021 PPP$) (2009)",12410.47395
"Gross National Income Per Capita, female (2021 PPP$) (2010)",12745.93965
"Gross National Income Per Capita, female (2021 PPP$) (2011)",13216.92134
"Gross National Income Per Capita, female (2021 PPP$) (2012)",13144.11691
"Gross National Income Per Capita, female (2021 PPP$) (2013)",13663.44691
"Gross National Income Per Capita, female (2021 PPP$) (2014)",13432.90173
"Gross National Income Per Capita, female (2021 PPP$) (2015)",13108.55048
"Gross National Income Per Capita, female (2021 PPP$) (2016)",12739.9839
"Gross National Income Per Capita, female (2021 PPP$) (2017)",13014.52814
"Gross National Income Per Capita, female (2021 PPP$) (2018)",13028.57707
"Gross National Income Per Capita, female (2021 PPP$) (2019)",13174.44106
"Gross National Income Per Capita, female (2021 PPP$) (2020)",12592.81634
"Gross National Income Per Capita, female (2021 PPP$) (2021)",13279.22203
"Gross National Income Per Capita, female (2021 PPP$) (2022)",13626.97083
"Gross National Income Per Capita, female (2021 PPP$) (2023)",13886.15441
HDI male (1990),
HDI male (1991),
HDI male (1992),
HDI male (1993),
HDI male (1994),
HDI male (1995),
HDI male (1996),
HDI male (1997),
HDI male (1998),
HDI male (1999),
HDI male (2000),0.688710859
HDI male (2001),0.694200678
HDI male (2002),0.699431948
HDI male (2003),0.704868986
HDI male (2004),0.712329192
HDI male (2005),0.717880112
HDI male (2006),0.724158814
HDI male (2007),0.7315611
HDI male (2008),0.738227849
HDI male (2009),0.740584901
HDI male (2010),0.746959511
HDI male (2011),0.752187887
HDI male (2012),0.757853535
HDI male (2013),0.762128676
HDI male (2014),0.765059212
HDI male (2015),0.764857181
HDI male (2016),0.765754611
HDI male (2017),0.769808522
HDI male (2018),0.773619248
HDI male (2019),0.775770322
HDI male (2020),0.770866382
HDI male (2021),0.764916586
HDI male (2022),0.777148331
HDI male (2023),0.783325627
"Life Expectancy at Birth, male (years) (1990)",63.133
"Life Expectancy at Birth, male (years) (1991)",63.348
"Life Expectancy at Birth, male (years) (1992)",63.557
"Life Expectancy at Birth, male (years) (1993)",63.831
"Life Expectancy at Birth, male (years) (1994)",64.21
"Life Expectancy at Birth, male (years) (1995)",64.6
"Life Expectancy at Birth, male (years) (1996)",64.992
"Life Expectancy at Birth, male (years) (1997)",65.37
"Life Expectancy at Birth, male (years) (1998)",65.683
"Life Expectancy at Birth, male (years) (1999)",66.014
"Life Expectancy at Birth, male (years) (2000)",66.347
"Life Expectancy at Birth, male (years) (2001)",66.699
"Life Expectancy at Birth, male (years) (2002)",67.085
"Life Expectancy at Birth, male (years) (2003)",67.558
"Life Expectancy at Birth, male (years) (2004)",68.019
"Life Expectancy at Birth, male (years) (2005)",68.485
"Life Expectancy at Birth, male (years) (2006)",68.953
"Life Expectancy at Birth, male (years) (2007)",69.368
"Life Expectancy at Birth, male (years) (2008)",69.733
"Life Expectancy at Birth, male (years) (2009)",70.076
"Life Expectancy at Birth, male (years) (2010)",70.392
"Life Expectancy at Birth, male (years) (2011)",70.654
"Life Expectancy at Birth, male (years) (2012)",70.945
"Life Expectancy at Birth, male (years) (2013)",71.246
"Life Expectancy at Birth, male (years) (2014)",71.462
"Life Expectancy at Birth, male (years) (2015)",71.818
"Life Expectancy at Birth, male (years) (2016)",71.716
"Life Expectancy at Birth, male (years) (2017)",72.069
"Life Expectancy at Birth, male (years) (2018)",72.365
"Life Expectancy at Birth, male (years) (2019)",72.653
"Life Expectancy at Birth, male (years) (2020)",71.537
"Life Expectancy at Birth, male (years) (2021)",69.81
"Life Expectancy at Birth, male (years) (2022)",71.73
"Life Expectancy at Birth, male (years) (2023)",72.76
"Expected Years of Schooling, male (years) (1990)",
"Expected Years of Schooling, male (years) (1991)",
"Expected Years of Schooling, male (years) (1992)",
"Expected Years of Schooling, male (years) (1993)",
"Expected Years of Schooling, male (years) (1994)",
"Expected Years of Schooling, male (years) (1995)",
"Expected Years of Schooling, male (years) (1996)",
"Expected Years of Schooling, male (years) (1997)",
"Expected Years of Schooling, male (years) (1998)",
"Expected Years of Schooling, male (years) (1999)",
"Expected Years of Schooling, male (years) (2000)",13.98704537
"Expected Years of Schooling, male (years) (2001)",14.04843344
"Expected Years of Schooling, male (years) (2002)",14.11009095
"Expected Years of Schooling, male (years) (2003)",14.17201906
"Expected Years of Schooling, male (years) (2004)",14.23421897
"Expected Years of Schooling, male (years) (2005)",14.29669187
"Expected Years of Schooling, male (years) (2006)",14.35943896
"Expected Years of Schooling, male (years) (2007)",14.42246144
"Expected Years of Schooling, male (years) (2008)",14.48576052
"Expected Years of Schooling, male (years) (2009)",14.54933742
"Expected Years of Schooling, male (years) (2010)",14.61319335
"Expected Years of Schooling, male (years) (2011)",14.67732954
"Expected Years of Schooling, male (years) (2012)",14.74174722
"Expected Years of Schooling, male (years) (2013)",14.82141972
"Expected Years of Schooling, male (years) (2014)",14.91386032
"Expected Years of Schooling, male (years) (2015)",14.82756996
"Expected Years of Schooling, male (years) (2016)",14.9012804
"Expected Years of Schooling, male (years) (2017)",15.02128983
"Expected Years of Schooling, male (years) (2018)",15.09226036
"Expected Years of Schooling, male (years) (2019)",14.98781013
"Expected Years of Schooling, male (years) (2020)",14.97253036
"Expected Years of Schooling, male (years) (2021)",14.95001984
"Expected Years of Schooling, male (years) (2022)",15.10593987
"Expected Years of Schooling, male (years) (2023)",15.10593987
"Mean Years of Schooling, male (years) (1990)",3.529828996
"Mean Years of Schooling, male (years) (1991)",3.67065637
"Mean Years of Schooling, male (years) (1992)",3.811483744
"Mean Years of Schooling, male (years) (1993)",3.952311119
"Mean Years of Schooling, male (years) (1994)",4.093138493
"Mean Years of Schooling, male (years) (1995)",4.233965868
"Mean Years of Schooling, male (years) (1996)",4.402227146
"Mean Years of Schooling, male (years) (1997)",4.570488425
"Mean Years of Schooling, male (years) (1998)",4.738749703
"Mean Years of Schooling, male (years) (1999)",4.907010982
"Mean Years of Schooling, male (years) (2000)",5.075272261
"Mean Years of Schooling, male (years) (2001)",5.276454224
"Mean Years of Schooling, male (years) (2002)",5.477636187
"Mean Years of Schooling, male (years) (2003)",5.678818151
"Mean Years of Schooling, male (years) (2004)",5.880000114
"Mean Years of Schooling, male (years) (2005)",6.039999962
"Mean Years of Schooling, male (years) (2006)",6.199999809
"Mean Years of Schooling, male (years) (2007)",6.380000114
"Mean Years of Schooling, male (years) (2008)",6.539999962
"Mean Years of Schooling, male (years) (2009)",6.630000114
"Mean Years of Schooling, male (years) (2010)",6.699999809
"Mean Years of Schooling, male (years) (2011)",6.829999924
"Mean Years of Schooling, male (years) (2012)",7.03000021
"Mean Years of Schooling, male (years) (2013)",7.079999924
"Mean Years of Schooling, male (years) (2014)",7.159999847
"Mean Years of Schooling, male (years) (2015)",7.289999962
"Mean Years of Schooling, male (years) (2016)",7.53000021
"Mean Years of Schooling, male (years) (2017)",7.619999886
"Mean Years of Schooling, male (years) (2018)",7.75
"Mean Years of Schooling, male (years) (2019)",7.891654873
"Mean Years of Schooling, male (years) (2020)",8.035898921
"Mean Years of Schooling, male (years) (2021)",8.182779468
"Mean Years of Schooling, male (years) (2022)",8.182779468
"Mean Years of Schooling, male (years) (2023)",8.182779468
"Gross National Income Per Capita, male (2021 PPP$) (1990)",17175.14725
"Gross National Income Per Capita, male (2021 PPP$) (1991)",17198.82579
"Gross National Income Per Capita, male (2021 PPP$) (1992)",15971.04363
"Gross National Income Per Capita, male (2021 PPP$) (1993)",16413.39013
"Gross National Income Per Capita, male (2021 PPP$) (1994)",17180.18454
"Gross National Income Per Capita, male (2021 PPP$) (1995)",18572.26526
"Gross National Income Per Capita, male (2021 PPP$) (1996)",18383.38164
"Gross National Income Per Capita, male (2021 PPP$) (1997)",18556.14909
"Gross National Income Per Capita, male (2021 PPP$) (1998)",18136.52455
"Gross National Income Per Capita, male (2021 PPP$) (1999)",17503.83712
"Gross National Income Per Capita, male (2021 PPP$) (2000)",17415.40606
"Gross National Income Per Capita, male (2021 PPP$) (2001)",17566.15516
"Gross National Income Per Capita, male (2021 PPP$) (2002)",17561.21524
"Gross National Income Per Capita, male (2021 PPP$) (2003)",17486.67199
"Gross National Income Per Capita, male (2021 PPP$) (2004)",18232.34448
"Gross National Income Per Capita, male (2021 PPP$) (2005)",18444.85987
"Gross National Income Per Capita, male (2021 PPP$) (2006)",18956.68312
"Gross National Income Per Capita, male (2021 PPP$) (2007)",19957.15577
"Gross National Income Per Capita, male (2021 PPP$) (2008)",20903.09622
"Gross National Income Per Capita, male (2021 PPP$) (2009)",20393.00796
"Gross National Income Per Capita, male (2021 PPP$) (2010)",21882.73912
"Gross National Income Per Capita, male (2021 PPP$) (2011)",22642.40515
"Gross National Income Per Capita, male (2021 PPP$) (2012)",23118.62613
"Gross National Income Per Capita, male (2021 PPP$) (2013)",23790.81063
"Gross National Income Per Capita, male (2021 PPP$) (2014)",23719.80175
"Gross National Income Per Capita, male (2021 PPP$) (2015)",22423.55602
"Gross National Income Per Capita, male (2021 PPP$) (2016)",21267.3591
"Gross National Income Per Capita, male (2021 PPP$) (2017)",21252.55324
"Gross National Income Per Capita, male (2021 PPP$) (2018)",21258.90799
"Gross National Income Per Capita, male (2021 PPP$) (2019)",21305.83838
"Gross National Income Per Capita, male (2021 PPP$) (2020)",20742.10911
"Gross National Income Per Capita, male (2021 PPP$) (2021)",21078.3976
"Gross National Income Per Capita, male (2021 PPP$) (2022)",21683.03185
"Gross National Income Per Capita, male (2021 PPP$) (2023)",22267.99947
Inequality-adjusted Human Development Index (value) (2010),0.566
Inequality-adjusted Human Development Index (value) (2011),0.569
Inequality-adjusted Human Development Index (value) (2012),0.529
Inequality-adjusted Human Development Index (value) (2013),0.539
Inequality-adjusted Human Development Index (value) (2014),0.545
Inequality-adjusted Human Development Index (value) (2015),0.549
Inequality-adjusted Human Development Index (value) (2016),0.579
Inequality-adjusted Human Development Index (value) (2017),0.581
Inequality-adjusted Human Development Index (value) (2018),0.585
Inequality-adjusted Human Development Index (value) (2019),0.589
Inequality-adjusted Human Development Index (value) (2020),0.598
Inequality-adjusted Human Development Index (value) (2021),0.582
Inequality-adjusted Human Development Index (value) (2022),0.589
Inequality-adjusted Human Development Index (value) (2023),0.594
Coefficient of human inequality (2010),23.57763923
Coefficient of human inequality (2011),23.6558501
Coefficient of human inequality (2012),29.13567568
Coefficient of human inequality (2013),28.35447056
Coefficient of human inequality (2014),27.8129023
Coefficient of human inequality (2015),27.32657326
Coefficient of human inequality (2016),23.2227065
Coefficient of human inequality (2017),23.19088238
Coefficient of human inequality (2018),22.9470707
Coefficient of human inequality (2019),22.63169681
Coefficient of human inequality (2020),21.13977854
Coefficient of human inequality (2021),22.52946442
Coefficient of human inequality (2022),22.83592862
Coefficient of human inequality (2023),22.76800539
Overall loss (%) (2010),24.3315508
Overall loss (%) (2011),24.43559097
Overall loss (%) (2012),30.21108179
Overall loss (%) (2013),29.26509186
Overall loss (%) (2014),28.75816993
Overall loss (%) (2015),28.14136126
Overall loss (%) (2016),24.31372549
Overall loss (%) (2017),24.54545455
Overall loss (%) (2018),24.41860465
Overall loss (%) (2019),24.09793814
Overall loss (%) (2020),22.33766234
Overall loss (%) (2021),24.21875
Overall loss (%) (2022),24.48717949
Overall loss (%) (2023),24.42748092
Inequality in life expectancy (2010),12.176555
Inequality in life expectancy (2011),11.865841
Inequality in life expectancy (2012),11.537953
Inequality in life expectancy (2013),11.280229
Inequality in life expectancy (2014),11.061413
Inequality in life expectancy (2015),10.825768
Inequality in life expectancy (2016),10.687051
Inequality in life expectancy (2017),10.541378
Inequality in life expectancy (2018),10.284741
Inequality in life expectancy (2019),10.057371
Inequality in life expectancy (2020),9.8416462
Inequality in life expectancy (2021),9.9818382
Inequality in life expectancy (2022),9.7279253
Inequality in life expectancy (2023),9.5241556
Inequality in eduation (2010),21.08318
Inequality in eduation (2011),22.42191881
Inequality in eduation (2012),39.18928355
Inequality in eduation (2013),38.56785446
Inequality in eduation (2014),37.16196567
Inequality in eduation (2015),35.93862355
Inequality in eduation (2016),17.90647209
Inequality in eduation (2017),16.51121527
Inequality in eduation (2018),15.5390799
Inequality in eduation (2019),15.14731646
Inequality in eduation (2020),13.80274892
Inequality in eduation (2021),13.88124377
Inequality in eduation (2022),15.05454928
Inequality in eduation (2023),15.05454928
Inequality in income (2010),37.47318268
Inequality in income (2011),36.6797905
Inequality in income (2012),36.6797905
Inequality in income (2013),35.21532822
Inequality in income (2014),35.21532822
Inequality in income (2015),35.21532822
Inequality in income (2016),41.07459641
Inequality in income (2017),42.52005386
Inequality in income (2018),43.0173912
Inequality in income (2019),42.69040298
Inequality in income (2020),39.77494049
Inequality in income (2021),43.72531128
Inequality in income (2022),43.72531128
Inequality in income (2023),43.72531128
GII Rank (2023),96
Gender Inequality Index (value) (1990),0.582
Gender Inequality Index (value) (1991),0.577
Gender Inequality Index (value) (1992),0.561
Gender Inequality Index (value) (1993),0.557
Gender Inequality Index (value) (1994),0.553
Gender Inequality Index (value) (1995),0.543
Gender Inequality Index (value) (1996),0.536
Gender Inequality Index (value) (1997),0.53
Gender Inequality Index (value) (1998),0.522
Gender Inequality Index (value) (1999),0.514
Gender Inequality Index (value) (2000),0.506
Gender Inequality Index (value) (2001),0.495
Gender Inequality Index (value) (2002),0.494
Gender Inequality Index (value) (2003),0.471
Gender Inequality Index (value) (2004),0.47
Gender Inequality Index (value) (2005),0.467
Gender Inequality Index (value) (2006),0.466
Gender Inequality Index (value) (2007),0.463
Gender Inequality Index (value) (2008),0.46
Gender Inequality Index (value) (2009),0.456
Gender Inequality Index (value) (2010),0.447
Gender Inequality Index (value) (2011),0.446
Gender Inequality Index (value) (2012),0.441
Gender Inequality Index (value) (2013),0.445
Gender Inequality Index (value) (2014),0.441
Gender Inequality Index (value) (2015),0.436
Gender Inequality Index (value) (2016),0.432
Gender Inequality Index (value) (2017),0.422
Gender Inequality Index (value) (2018),0.401
Gender Inequality Index (value) (2019),0.398
Gender Inequality Index (value) (2020),0.411
Gender Inequality Index (value) (2021),0.405
Gender Inequality Index (value) (2022),0.39
Gender Inequality Index (value) (2023),0.39
"Maternal Mortality Ratio (deaths per 100,000 live births) (1990)",194.281811
"Maternal Mortality Ratio (deaths per 100,000 live births) (1991)",175.6063156
"Maternal Mortality Ratio (deaths per 100,000 live births) (1992)",169.7050953
"Maternal Mortality Ratio (deaths per 100,000 live births) (1993)",158.8884145
"Maternal Mortality Ratio (deaths per 100,000 live births) (1994)",146.642374
"Maternal Mortality Ratio (deaths per 100,000 live births) (1995)",121.0741235
"Maternal Mortality Ratio (deaths per 100,000 live births) (1996)",110.0696182
"Maternal Mortality Ratio (deaths per 100,000 live births) (1997)",99.53552515
"Maternal Mortality Ratio (deaths per 100,000 live births) (1998)",89.93644594
"Maternal Mortality Ratio (deaths per 100,000 live births) (1999)",74.07846414
"Maternal Mortality Ratio (deaths per 100,000 live births) (2000)",68.40031866
"Maternal Mortality Ratio (deaths per 100,000 live births) (2001)",67.92029092
"Maternal Mortality Ratio (deaths per 100,000 live births) (2002)",72.37671521
"Maternal Mortality Ratio (deaths per 100,000 live births) (2003)",68.84275223
"Maternal Mortality Ratio (deaths per 100,000 live births) (2004)",69.77312624
"Maternal Mortality Ratio (deaths per 100,000 live births) (2005)",69.96843774
"Maternal Mortality Ratio (deaths per 100,000 live births) (2006)",71.32388
"Maternal Mortality Ratio (deaths per 100,000 live births) (2007)",72.02479686
"Maternal Mortality Ratio (deaths per 100,000 live births) (2008)",70.48884267
"Maternal Mortality Ratio (deaths per 100,000 live births) (2009)",67.93383616
"Maternal Mortality Ratio (deaths per 100,000 live births) (2010)",63.8552917
"Maternal Mortality Ratio (deaths per 100,000 live births) (2011)",61.9410047
"Maternal Mortality Ratio (deaths per 100,000 live births) (2012)",56.87746388
"Maternal Mortality Ratio (deaths per 100,000 live births) (2013)",60.86941299
"Maternal Mortality Ratio (deaths per 100,000 live births) (2014)",62.2825026
"Maternal Mortality Ratio (deaths per 100,000 live births) (2015)",62.17603704
"Maternal Mortality Ratio (deaths per 100,000 live births) (2016)",62.71436236
"Maternal Mortality Ratio (deaths per 100,000 live births) (2017)",59.70362205
"Maternal Mortality Ratio (deaths per 100,000 live births) (2018)",59.18339556
"Maternal Mortality Ratio (deaths per 100,000 live births) (2019)",60.73516526
"Maternal Mortality Ratio (deaths per 100,000 live births) (2020)",72.14753684
"Maternal Mortality Ratio (deaths per 100,000 live births) (2021)",72.14753684
"Maternal Mortality Ratio (deaths per 100,000 live births) (2022)",72.14753684
"Maternal Mortality Ratio (deaths per 100,000 live births) (2023)",72.14753684
"Adolescent Birth Rate (births per 1,000 women ages 15-19) (1990)",88.481
"Adolescent Birth Rate (births per 1,000 women ages 15-19) (1991)",87.862
"Adolescent Birth Rate (births per 1,000 women ages 15-19) (1992)",86.887
"Adolescent Birth Rate (births per 1,000 women ages 15-19) (1993)",87.126
"Adolescent Birth Rate (births per 1,000 women ages 15-19) (1994)",86.666
"Adolescent Birth Rate (births per 1,000 women ages 15-19) (1995)",87.339
"Adolescent Birth Rate (births per 1,000 women ages 15-19) (1996)",87.328
"Adolescent Birth Rate (births per 1,000 women ages 15-19) (1997)",87.791
"Adolescent Birth Rate (births per 1,000 women ages 15-19) (1998)",87.982
"Adolescent Birth Rate (births per 1,000 women ages 15-19) (1999)",87.003
"Adolescent Birth Rate (births per 1,000 women ages 15-19) (2000)",85.611
"Adolescent Birth Rate (births per 1,000 women ages 15-19) (2001)",84.155
"Adolescent Birth Rate (births per 1,000 women ages 15-19) (2002)",81.131
"Adolescent Birth Rate (births per 1,000 women ages 15-19) (2003)",78.025
"Adolescent Birth Rate (births per 1,000 women ages 15-19) (2004)",76.9
"Adolescent Birth Rate (births per 1,000 women ages 15-19) (2005)",75.968
"Adolescent Birth Rate (births per 1,000 women ages 15-19) (2006)",73.845
"Adolescent Birth Rate (births per 1,000 women ages 15-19) (2007)",71.698
"Adolescent Birth Rate (births per 1,000 women ages 15-19) (2008)",69.141
"Adolescent Birth Rate (births per 1,000 women ages 15-19) (2009)",67.334
"Adolescent Birth Rate (births per 1,000 women ages 15-19) (2010)",65.474
"Adolescent Birth Rate (births per 1,000 women ages 15-19) (2011)",64.773
"Adolescent Birth Rate (births per 1,000 women ages 15-19) (2012)",64.285
"Adolescent Birth Rate (births per 1,000 women ages 15-19) (2013)",63.947
"Adolescent Birth Rate (births per 1,000 women ages 15-19) (2014)",63.365
"Adolescent Birth Rate (births per 1,000 women ages 15-19) (2015)",61.779
"Adolescent Birth Rate (births per 1,000 women ages 15-19) (2016)",58.372
"Adolescent Birth Rate (births per 1,000 women ages 15-19) (2017)",56.558
"Adolescent Birth Rate (births per 1,000 women ages 15-19) (2018)",54.287
"Adolescent Birth Rate (births per 1,000 women ages 15-19) (2019)",50.958
"Adolescent Birth Rate (births per 1,000 women ages 15-19) (2020)",47.46
"Adolescent Birth Rate (births per 1,000 women ages 15-19) (2021)",45.67
"Adolescent Birth Rate (births per 1,000 women ages 15-19) (2022)",42.881
"Adolescent Birth Rate (births per 1,000 women ages 15-19) (2023)",42.686
"Share of seats in parliament, female (% held by women) (1990)",6.734006734
"Share of seats in parliament, female (% held by women) (1991)",6.734006734
"Share of seats in parliament, female (% held by women) (1992)",6.734006734
"Share of seats in parliament, female (% held by women) (1993)",6.734006734
"Share of seats in parliament, female (% held by women) (1994)",6.734006734
"Share of seats in parliament, female (% held by women) (1995)",6.734006734
"Share of seats in parliament, female (% held by women) (1996)",6.734006734
"Share of seats in parliament, female (% held by women) (1997)",6.734006734
"Share of seats in parliament, female (% held by women) (1998)",6.734006734
"Share of seats in parliament, female (% held by women) (1999)",5.892255892
"Share of seats in parliament, female (% held by women) (2000)",5.892255892
"Share of seats in parliament, female (% held by women) (2001)",6.745362563
"Share of seats in parliament, female (% held by women) (2002)",6.745362563
"Share of seats in parliament, female (% held by women) (2003)",9.090909091
"Share of seats in parliament, female (% held by women) (2004)",9.090909091
"Share of seats in parliament, female (% held by women) (2005)",9.090909091
"Share of seats in parliament, female (% held by women) (2006)",9.259259259
"Share of seats in parliament, female (% held by women) (2007)",9.427609428
"Share of seats in parliament, female (% held by women) (2008)",9.427609428
"Share of seats in parliament, female (% held by women) (2009)",9.259259259
"Share of seats in parliament, female (% held by women) (2010)",9.595959596
"Share of seats in parliament, female (% held by women) (2011)",9.595959596
"Share of seats in parliament, female (% held by women) (2012)",9.595959596
"Share of seats in parliament, female (% held by women) (2013)",9.595959596
"Share of seats in parliament, female (% held by women) (2014)",10.43771044
"Share of seats in parliament, female (% held by women) (2015)",10.77441077
"Share of seats in parliament, female (% held by women) (2016)",10.77441077
"Share of seats in parliament, female (% held by women) (2017)",11.27946128
"Share of seats in parliament, female (% held by women) (2018)",14.98316498
"Share of seats in parliament, female (% held by women) (2019)",14.98316498
"Share of seats in parliament, female (% held by women) (2020)",14.30976431
"Share of seats in parliament, female (% held by women) (2021)",14.81481481
"Share of seats in parliament, female (% held by women) (2022)",17.50841751
"Share of seats in parliament, female (% held by women) (2023)",17.67676768
"Share of seats in parliament, male (% held by men) (1990)",93.26599327
"Share of seats in parliament, male (% held by men) (1991)",93.26599327
"Share of seats in parliament, male (% held by men) (1992)",93.26599327
"Share of seats in parliament, male (% held by men) (1993)",93.26599327
"Share of seats in parliament, male (% held by men) (1994)",93.26599327
"Share of seats in parliament, male (% held by men) (1995)",93.26599327
"Share of seats in parliament, male (% held by men) (1996)",93.26599327
"Share of seats in parliament, male (% held by men) (1997)",93.26599327
"Share of seats in parliament, male (% held by men) (1998)",93.26599327
"Share of seats in parliament, male (% held by men) (1999)",94.10774411
"Share of seats in parliament, male (% held by men) (2000)",94.10774411
"Share of seats in parliament, male (% held by men) (2001)",93.25463744
"Share of seats in parliament, male (% held by men) (2002)",93.25463744
"Share of seats in parliament, male (% held by men) (2003)",90.90909091
"Share of seats in parliament, male (% held by men) (2004)",90.90909091
"Share of seats in parliament, male (% held by men) (2005)",90.90909091
"Share of seats in parliament, male (% held by men) (2006)",90.74074074
"Share of seats in parliament, male (% held by men) (2007)",90.57239057
"Share of seats in parliament, male (% held by men) (2008)",90.57239057
"Share of seats in parliament, male (% held by men) (2009)",90.74074074
"Share of seats in parliament, male (% held by men) (2010)",90.4040404
"Share of seats in parliament, male (% held by men) (2011)",90.4040404
"Share of seats in parliament, male (% held by men) (2012)",90.4040404
"Share of seats in parliament, male (% held by men) (2013)",90.4040404
"Share of seats in parliament, male (% held by men) (2014)",89.56228956
"Share of seats in parliament, male (% held by men) (2015)",89.22558923
"Share of seats in parliament, male (% held by men) (2016)",89.22558923
"Share of seats in parliament, male (% held by men) (2017)",88.72053872
"Share of seats in parliament, male (% held by men) (2018)",85.01683502
"Share of seats in parliament, male (% held by men) (2019)",85.01683502
"Share of seats in parliament, male (% held by men) (2020)",85.69023569
"Share of seats in parliament, male (% held by men) (2021)",85.18518519
"Share of seats in parliament, male (% held by men) (2022)",82.49158249
"Share of seats in parliament, male (% held by men) (2023)",82.32323232
"Labour force participation rate, female (% ages 15 and older) (1990)",44.95
"Labour force participation rate, female (% ages 15 and older) (1991)",44.02
"Labour force participation rate, female (% ages 15 and older) (1992)",53.18
"Labour force participation rate, female (% ages 15 and older) (1993)",52.53
"Labour force participation rate, female (% ages 15 and older) (1994)",51.38
"Labour force participation rate, female (% ages 15 and older) (1995)",50.24
"Labour force participation rate, female (% ages 15 and older) (1996)",49
"Labour force participation rate, female (% ages 15 and older) (1997)",50.04
"Labour force participation rate, female (% ages 15 and older) (1998)",50.77
"Labour force participation rate, female (% ages 15 and older) (1999)",52.06
"Labour force participation rate, female (% ages 15 and older) (2000)",53.22
"Labour force participation rate, female (% ages 15 and older) (2001)",54.39
"Labour force participation rate, female (% ages 15 and older) (2002)",55.91
"Labour force participation rate, female (% ages 15 and older) (2003)",56.02
"Labour force participation rate, female (% ages 15 and older) (2004)",56.95
"Labour force participation rate, female (% ages 15 and older) (2005)",58.11
"Labour force participation rate, female (% ages 15 and older) (2006)",57.83
"Labour force participation rate, female (% ages 15 and older) (2007)",57.58
"Labour force participation rate, female (% ages 15 and older) (2008)",57.21
"Labour force participation rate, female (% ages 15 and older) (2009)",57.71
"Labour force participation rate, female (% ages 15 and older) (2010)",56.2
"Labour force participation rate, female (% ages 15 and older) (2011)",54.69
"Labour force participation rate, female (% ages 15 and older) (2012)",52.47
"Labour force participation rate, female (% ages 15 and older) (2013)",52.45
"Labour force participation rate, female (% ages 15 and older) (2014)",52.38
"Labour force participation rate, female (% ages 15 and older) (2015)",53.03
"Labour force participation rate, female (% ages 15 and older) (2016)",53.28
"Labour force participation rate, female (% ages 15 and older) (2017)",54.15
"Labour force participation rate, female (% ages 15 and older) (2018)",54.43
"Labour force participation rate, female (% ages 15 and older) (2019)",55.2
"Labour force participation rate, female (% ages 15 and older) (2020)",50.25
"Labour force participation rate, female (% ages 15 and older) (2021)",52.37
"Labour force participation rate, female (% ages 15 and older) (2022)",53.75
"Labour force participation rate, female (% ages 15 and older) (2023)",53.1
"Labour force participation rate, male (% ages 15 and older) (1990)",85.02
"Labour force participation rate, male (% ages 15 and older) (1991)",84.57
"Labour force participation rate, male (% ages 15 and older) (1992)",85.84
"Labour force participation rate, male (% ages 15 and older) (1993)",84.92
"Labour force participation rate, male (% ages 15 and older) (1994)",84.43
"Labour force participation rate, male (% ages 15 and older) (1995)",83.94
"Labour force participation rate, male (% ages 15 and older) (1996)",81.67
"Labour force participation rate, male (% ages 15 and older) (1997)",82.41
"Labour force participation rate, male (% ages 15 and older) (1998)",81.89
"Labour force participation rate, male (% ages 15 and older) (1999)",81.79
"Labour force participation rate, male (% ages 15 and older) (2000)",81.28
"Labour force participation rate, male (% ages 15 and older) (2001)",80.78
"Labour force participation rate, male (% ages 15 and older) (2002)",80.92
"Labour force participation rate, male (% ages 15 and older) (2003)",80.5
"Labour force participation rate, male (% ages 15 and older) (2004)",80.64
"Labour force participation rate, male (% ages 15 and older) (2005)",80.75
"Labour force participation rate, male (% ages 15 and older) (2006)",80.41
"Labour force participation rate, male (% ages 15 and older) (2007)",79.81
"Labour force participation rate, male (% ages 15 and older) (2008)",79.77
"Labour force participation rate, male (% ages 15 and older) (2009)",79.66
"Labour force participation rate, male (% ages 15 and older) (2010)",78.67
"Labour force participation rate, male (% ages 15 and older) (2011)",77.68
"Labour force participation rate, male (% ages 15 and older) (2012)",75.88
"Labour force participation rate, male (% ages 15 and older) (2013)",75.79
"Labour force participation rate, male (% ages 15 and older) (2014)",75.42
"Labour force participation rate, male (% ages 15 and older) (2015)",75.33
"Labour force participation rate, male (% ages 15 and older) (2016)",75.22
"Labour force participation rate, male (% ages 15 and older) (2017)",74.91
"Labour force participation rate, male (% ages 15 and older) (2018)",74.71
"Labour force participation rate, male (% ages 15 and older) (2019)",74.81
"Labour force participation rate, male (% ages 15 and older) (2020)",71.04
"Labour force participation rate, male (% ages 15 and older) (2021)",72.87
"Labour force participation rate, male (% ages 15 and older) (2022)",73.64
"Labour force participation rate, male (% ages 15 and older) (2023)",73.1
Difference from HDI rank (2023),7
Planetary pressures-adjusted Human Development Index (value) (1990),0.592
Planetary pressures-adjusted Human Development Index (value) (1991),0.597
Planetary pressures-adjusted Human Development Index (value) (1992),0.6
Planetary pressures-adjusted Human Development Index (value) (1993),0.608
Planetary pressures-adjusted Human Development Index (value) (1994),0.61
Planetary pressures-adjusted Human Development Index (value) (1995),0.615
Planetary pressures-adjusted Human Development Index (value) (1996),0.619
Planetary pressures-adjusted Human Development Index (value) (1997),0.622
Planetary pressures-adjusted Human Development Index (value) (1998),0.625
Planetary pressures-adjusted Human Development Index (value) (1999),0.631
Planetary pressures-adjusted Human Development Index (value) (2000),0.637
Planetary pressures-adjusted Human Development Index (value) (2001),0.641
Planetary pressures-adjusted Human Development Index (value) (2002),0.646
Planetary pressures-adjusted Human Development Index (value) (2003),0.65
Planetary pressures-adjusted Human Development Index (value) (2004),0.656
Planetary pressures-adjusted Human Development Index (value) (2005),0.66
Planetary pressures-adjusted Human Development Index (value) (2006),0.662
Planetary pressures-adjusted Human Development Index (value) (2007),0.662
Planetary pressures-adjusted Human Development Index (value) (2008),0.663
Planetary pressures-adjusted Human Development Index (value) (2009),0.667
Planetary pressures-adjusted Human Development Index (value) (2010),0.665
Planetary pressures-adjusted Human Development Index (value) (2011),0.662
Planetary pressures-adjusted Human Development Index (value) (2012),0.666
Planetary pressures-adjusted Human Development Index (value) (2013),0.667
Planetary pressures-adjusted Human Development Index (value) (2014),0.672
Planetary pressures-adjusted Human Development Index (value) (2015),0.677
Planetary pressures-adjusted Human Development Index (value) (2016),0.68
Planetary pressures-adjusted Human Development Index (value) (2017),0.685
Planetary pressures-adjusted Human Development Index (value) (2018),0.691
Planetary pressures-adjusted Human Development Index (value) (2019),0.692
Planetary pressures-adjusted Human Development Index (value) (2020),0.688
Planetary pressures-adjusted Human Development Index (value) (2021),0.687
Planetary pressures-adjusted Human Development Index (value) (2022),0.697
Planetary pressures-adjusted Human Development Index (value) (2023),0.702
Difference from HDI value (%) (1990),7.644305772
Difference from HDI value (%) (1991),7.441860465
Difference from HDI value (%) (1992),7.407407407
Difference from HDI value (%) (1993),7.033639144
Difference from HDI value (%) (1994),7.435508346
Difference from HDI value (%) (1995),7.657657658
Difference from HDI value (%) (1996),7.749627422
Difference from HDI value (%) (1997),7.98816568
Difference from HDI value (%) (1998),8.088235294
Difference from HDI value (%) (1999),7.748538012
Difference from HDI value (%) (2000),7.68115942
Difference from HDI value (%) (2001),7.636887608
Difference from HDI value (%) (2002),7.714285714
Difference from HDI value (%) (2003),7.80141844
Difference from HDI value (%) (2004),7.865168539
Difference from HDI value (%) (2005),8.077994429
Difference from HDI value (%) (2006),8.689655172
Difference from HDI value (%) (2007),9.56284153
Difference from HDI value (%) (2008),10.28416779
Difference from HDI value (%) (2009),10.10781671
Difference from HDI value (%) (2010),11.09625668
Difference from HDI value (%) (2011),12.08499336
Difference from HDI value (%) (2012),12.13720317
Difference from HDI value (%) (2013),12.4671916
Difference from HDI value (%) (2014),12.15686275
Difference from HDI value (%) (2015),11.38743455
Difference from HDI value (%) (2016),11.11111111
Difference from HDI value (%) (2017),11.03896104
Difference from HDI value (%) (2018),10.72351421
Difference from HDI value (%) (2019),10.82474227
Difference from HDI value (%) (2020),10.64935065
Difference from HDI value (%) (2021),10.546875
Difference from HDI value (%) (2022),10.64102564
Difference from HDI value (%) (2023),10.6870229
Carbon dioxide emissions per capita (production) (tonnes) (1990),1.450886845
Carbon dioxide emissions per capita (production) (tonnes) (1991),1.496017467
Carbon dioxide emissions per capita (production) (tonnes) (1992),1.498395229
Carbon dioxide emissions per capita (production) (tonnes) (1993),1.541937963
Carbon dioxide emissions per capita (production) (tonnes) (1994),1.577843554
Carbon dioxide emissions per capita (production) (tonnes) (1995),1.643136477
Carbon dioxide emissions per capita (production) (tonnes) (1996),1.742447692
Carbon dioxide emissions per capita (production) (tonnes) (1997),1.821150976
Carbon dioxide emissions per capita (production) (tonnes) (1998),1.855468684
Carbon dioxide emissions per capita (production) (tonnes) (1999),1.886350887
Carbon dioxide emissions per capita (production) (tonnes) (2000),1.934245776
Carbon dioxide emissions per capita (production) (tonnes) (2001),1.942440639
Carbon dioxide emissions per capita (production) (tonnes) (2002),1.926924799
Carbon dioxide emissions per capita (production) (tonnes) (2003),1.887128963
Carbon dioxide emissions per capita (production) (tonnes) (2004),1.956637086
Carbon dioxide emissions per capita (production) (tonnes) (2005),1.950622058
Carbon dioxide emissions per capita (production) (tonnes) (2006),1.953551889
Carbon dioxide emissions per capita (production) (tonnes) (2007),2.047248767
Carbon dioxide emissions per capita (production) (tonnes) (2008),2.141656915
Carbon dioxide emissions per capita (production) (tonnes) (2009),2.00380378
Carbon dioxide emissions per capita (production) (tonnes) (2010),2.242226484
Carbon dioxide emissions per capita (production) (tonnes) (2011),2.334078236
Carbon dioxide emissions per capita (production) (tonnes) (2012),2.491822751
Carbon dioxide emissions per capita (production) (tonnes) (2013),2.639368115
Carbon dioxide emissions per capita (production) (tonnes) (2014),2.742071954
Carbon dioxide emissions per capita (production) (tonnes) (2015),2.579841273
Carbon dioxide emissions per capita (production) (tonnes) (2016),2.382041019
Carbon dioxide emissions per capita (production) (tonnes) (2017),2.389710058
Carbon dioxide emissions per capita (production) (tonnes) (2018),2.276190024
Carbon dioxide emissions per capita (production) (tonnes) (2019),2.235260019
Carbon dioxide emissions per capita (production) (tonnes) (2020),2.088254307
Carbon dioxide emissions per capita (production) (tonnes) (2021),2.323639604
Carbon dioxide emissions per capita (production) (tonnes) (2022),2.247144766
Carbon dioxide emissions per capita (production) (tonnes) (2023),2.247780251
Material footprint per capita (tonnes) (1990),12.0213
Material footprint per capita (tonnes) (1991),11.73
Material footprint per capita (tonnes) (1992),11.6204
Material footprint per capita (tonnes) (1993),11.0073
Material footprint per capita (tonnes) (1994),11.5476
Material footprint per capita (tonnes) (1995),11.9487
Material footprint per capita (tonnes) (1996),11.8695
Material footprint per capita (tonnes) (1997),12.173
Material footprint per capita (tonnes) (1998),12.3418
Material footprint per capita (tonnes) (1999),11.7583
Material footprint per capita (tonnes) (2000),11.6584
Material footprint per capita (tonnes) (2001),11.6279
Material footprint per capita (tonnes) (2002),11.5926
Material footprint per capita (tonnes) (2003),11.7699
Material footprint per capita (tonnes) (2004),11.921
Material footprint per capita (tonnes) (2005),12.2484
Material footprint per capita (tonnes) (2006),13.2916
Material footprint per capita (tonnes) (2007),14.7957
Material footprint per capita (tonnes) (2008),16.1031
Material footprint per capita (tonnes) (2009),15.8987
Material footprint per capita (tonnes) (2010),17.3106
Material footprint per capita (tonnes) (2011),18.9977
Material footprint per capita (tonnes) (2012),19.0046
Material footprint per capita (tonnes) (2013),19.4381
Material footprint per capita (tonnes) (2014),18.6999
Material footprint per capita (tonnes) (2015),17.5351
Material footprint per capita (tonnes) (2016),17.316
Material footprint per capita (tonnes) (2017),17.1411
Material footprint per capita (tonnes) (2018),16.6937
Material footprint per capita (tonnes) (2019),16.9272
Material footprint per capita (tonnes) (2020),16.7952
Material footprint per capita (tonnes) (2021),16.2944
Material footprint per capita (tonnes) (2022),16.4828
Material footprint per capita (tonnes) (2023),16.5813
Survey,PNAD
Year,2015
Multidimensional Poverty Index,0.016
Health,49.8
Education,22.9
Standard of living,27.3
Nutrition,
Child mortality,49.8
Years of schooling,19.8
School attendance,3.1
Cooking fuel,4.5
Sanitation,11.9
Drinking water,7.4
Electricity,0.6
Housing,1.9
Assets,1
Period,2017-2022
Total,84.45
Women,84.17
Men,84.78
Share of people with no bias,15.55
Political,39.91
Educational,9.75
Economic,31.06
Physical integrity,75.69